q2_june_VBF_020/Password@1,UhcMapdInd,,
q2_june_VBF_020/Password@1,BncnonlisUHCIndividual,,
q2_june_VBF_020/Password@1,UhcIndMAPDPayments,,
q2_june_VBF_005/Password@1,AARPMapdInd,,
q2_june_VBF_005/Password@1,MAPD,UhcMapdInd,
q2_june_VBF_005/Password@1,AARPIndMAPDPayments,,
q2_june_VBF_005/Password@1,BncnonlisAARPIndividual,,
q2_june_VBF_005/Password@1,BncnonlisAARPIndividual,MAPD,
q2_june_VBF_031/Password@1,GroupRetireeMapd,,
q2_june_VBF_031/Password@1,BncnonlisGroupRetiree,MAPD,
q2_june_VBF_031/Password@1,MAPD,GroupRetireeCosmosEOB,Medical
q2_june_VBF_031/Password@1,MAPD,GrpRetireeOrderPlan,
q2_june_VB`F_007/Password@1,MAPD,AARPIndividualCosmosEOB,Medical
q2_june_VBF_007/Password@1,MAPD,AARPIndividualEOB,Prescription Drug
q2_jun_uhc0004/Password@1,MyDocumentMapdInd,,
q2_jun_aarp0062/Password@1,IndAARPANOCFnR,,
q2_jun_sofl0007/Password@1,PCP,,
q2_jun_sofl0013/Password@1,Medica,,
q2_jun_aarp0042/Password@1,MAPD,RxCLAIMS,GroupRetiree
q2_may_rally002/Password@1,MAPD,NICECLAIMS,BlueLayerInd
q2_jun_aarp0042/Password@1,MAPD,UHCIndividualEOB,Prescription Drug
q2_jun_aarp0042/Password@1,MAPD,RxCLAIMS,BlueLayerInd
q2_june_VBF_037/Password@1,GroupRetireePayment,,
q2_may_rally011/Password@1,MAPD,NICECLAIMS,ULayerInd
PT_MAPD_UHC_05485/Password@1,UhcMapdIndPerformance,,
q2_may_shipUAT007/Password@1,SHIPUpdate_Payments,,
q2_may_shipUAT010/Password@1,ComboMAPDANDSHIP,,
q2_june_VBF_020/Password@1,AARPMapdIndEPMP,,
qa_june_VBF_0001/Password@1,MAPD,RxCLAIMS,ULayerInd
Mobilecombo001/Password@12,MAPD,UHCIndividualCosmosEOB,Medical
q2_june_VBF_017/Password@1,IndividualUHCPayments,,
q2_june_VBF_017/Password@1,AARPMapdNonEPMP,,
q2_june_VBF_002/Password@1,PDP,grpPerf,
q2_jun_aarp0071/Password@1,TerminatedFedAARP,,
q2_jun_grp0086/Password@1,GroupRetireeMapdContactUs,MAPD,
q2_june_VBF_030/Password@1,MAPD,NICECLAIMS,GroupRetiree
q2_june_VBF_002/Password@1,MA,eobPerf,Medical
q2_may_shipUAT007/Password@1,Ship,,
q2_may_UAT_Combo002/Password@1,SHIP,SHIPCLAIMS,ShipInd
q2_jun_grp0032/Password@2,Medsupp,Ship,ShipEOB
q2_apr_aarp0250/Password@1,MAPD,COSMOSCLAIMS,BlueLayerInd
q2_jun_grp0154/Password@1,MAPD,COSMOSCLAIMS,GroupRetiree
q2_jun_aarp0028/Password@1,MAPD,COSMOSCLAIMS,ULayerInd
q2_jun_uhc00080/Password@1,MAPD,AARPIndividualNiceEOB,Medical
q2_june_VBF_011/Password@1,UhcMapdIndContactUs,MAPD,
q2_apr_uhc0045/Password@1,MAPD,MakeOneTimeCCOther_Payments,
q4_cosmos_gen_049/Password@1,MAPD,Rx_Individual_PnP_rx,
q3_sep_Nice_066/Password@4,MAPD,Rx_Group_PnP_Shipped,
q2_rx_iris_002/Password@2,MAPD,Rx_Group_PnP_Delivered,
q3_sep_Nice_066/Password@4,MAPD,Rx_Group_PnP_rx,
q1_feb_nice_040/Password@111,MAPD,Rx_Individual_PnP_rx_request_received,
q2_rx_iris_002/Password@2,MAPD,Rx_Individual_PnP_rx_refill,
q1_feb_nice_040/Password@111,MAPD,Rx_Individual_PnP_rx_renewal,
q3_sep_UAT4_Group175/Password@1,MAPD,Rx_Grp_PnP_rx_Call,
q3_sep_Nice_066/Password@4,MAPD,AARP_Individual_PnP_CTA_rx,
q1_feb_nice_040/Password@111,MAPD,AARP_Group_PnP_rx,
b@m@emb1/Password@1,MAPD,AARP_SEIB_Pnp_rx,
q2_jun_grp0116/Password@1,MAPD,AARP_LIS1_PnP_rx,
q3_sep_Nice_066/Password@4,MAPD,AARP_LIS0_PnP_rx,
q1_feb_nice_042/Password@2,MAPD,Rally_Individual_Pnp_rx,
q1_feb_Rx_059/Password@1,MAPD,Rx_Individual_Refill_Confirmation,
q4_Nice_087/Password@1,MAPD,Rx_Individual_PnP_rx_renewal_Confirmation,
