d4e79501-e589-4f80-af00-2090feba53d4/Password@1,UhcMapdInd
f5f1d2d7-3a87-490c-a40a-867fd05cf961/Password@1,AARPMapdInd
2448fd7f-9538-4342-9f35-74738a5479fd/Password@1,GroupRetireeMapd
ATDD_Team-ci1_q2_jun_ship0001/Password@1,Ship
ATDD_Team-ci1_q2_jun_sofl0007/Password@1,PCP
ATDD_Team-ci1_q2_jun_sofl0013/Password@1,Medica
ATDD_Team-ci1_q2_june_combo0007/Password@1,ComboMAPDANDSHIP
ATDD_Team-ci1_q2_jun_aarp0015/Password@1,TerminatedFedAARP
ATDD_Team-ci1_q2_jun_aarp0021/Password@1,MAPD,NICECLAIMS,ULayerInd
8bd869f3-c317-4155-862b-8aa1d3d93b61/Password@1,MAPD,COSMOSCLAIMS,ULayerInd
ATDD_Team-ci1_q2_jun_aarp0021/Password@1,MAPD,RxCLAIMS,ULayerInd
7bbbcbb1-8ea4-4e2a-8e74-a00e5ab5d840/Password@1,MAPD,NICECLAIMS,BlueLayerInd
ATDD_Team-ci1q2_jun_uhc0001/Password@1,MAPD,COSMOSCLAIMS,BlueLayerInd
7bbbcbb1-8ea4-4e2a-8e74-a00e5ab5d840/Password@1,MAPD,RxCLAIMS,BlueLayerInd
2448fd7f-9538-4342-9f35-74738a5479fd/Password@1,MAPD,NICECLAIMS,GroupRetiree
ATDD_Team-ci1_q2_jun_grp0082/Password@1,MAPD,COSMOSCLAIMS,GroupRetiree
ATDD_Team-ci1_q2_jun_grp0004/Password@1,MAPD,RxCLAIMS,GroupRetiree
ATDD_Team-ci1_q2_jun_ship0001/Password@1,SHIP,SHIPCLAIMS,ShipInd
d4e79501-e589-4f80-af00-2090feba53d4/Password@1,UhcIndMAPDPayments
f5f1d2d7-3a87-490c-a40a-867fd05cf961/Password@1,AARPIndMAPDPayments
q1_feb_uhc_eft008/Password@1,GroupRetireePayment
ATDD_Team-ci1_q2_jun_ship0001/Password@1,Medsupp,Ship,ShipEOB
8bd869f3-c317-4155-862b-8aa1d3d93b61/Password@1,MAPD,UHCIndividualCosmosEOB,Medical
7bbbcbb1-8ea4-4e2a-8e74-a00e5ab5d840/Password@1,MAPD,UHCIndividualEOB,Prescription Drug
ATDD_Team-ci1_q1_aarp_apr158/Password@1,MAPD,AARPIndividualCosmosEOB,Medical
ATDD_Team-ci1_q1_apr_aarpeob002/Test2day,MAPD,AARPIndividualNiceEOB,Medical
ATDD_Team-ci1_q1_aarp_apr158/Password@1,MAPD,AARPIndividualEOB,Prescription Drug
ATDD_Team-ci1_q1_grp_apr031/Password@1,MAPD,GroupRetireeCosmosEOB,Medical
q1_aarp_apr194test/Password@1,MAPD,IndAARPPharmacyFnR
f5f1d2d7-3a87-490c-a40a-867fd05cf961/Password@1,BncnonlisAARPIndividual
d4e79501-e589-4f80-af00-2090feba53d4/Password@1,BncnonlisUHCIndividual
ATDD_Team-ci1_q1_grp_apr031/Password@1,BncnonlisGroupRetiree
2448fd7f-9538-4342-9f35-74738a5479fd/Password@1,MAPD,GrpRetireeOrderPlan
ATDD_Team-ci1_q2_jun_aarp0022/Password@1,AARPMapdIndEPMP
8bd869f3-c317-4155-862b-8aa1d3d93b61/Password@1,UhcMapdIndContactUs
2448fd7f-9538-4342-9f35-74738a5479fd/Password@1,GroupRetireeMapdContactUs
7b0d76a6-1ccf-41c5-9fd1-8d65821c9794/Password@1,AARPMapdNonEPMP
preeffectivePDP_002/Password@1,PreEffectivePDP
ATDD_Team-ci1_q2_jun_uhc0004/Password@1,UhcMapdIndDCE
